{
    "zero":{
        "first":[
            {"title":"学校简介","time":"2018-06-09"}
        ],
        "second":[
            {"title":"学校简介","time":"2018-06-09"}
        ],
        "third":[
            {"title":"学校简介","time":"2018-06-09"}
        ],
        "fourth":[
            {"title":"学校简介","time":"2018-06-09"}
        ],
        "fifth":[
            {"title":"学校简介","time":"2018-06-09"}
        ],
        "sixth":[
            {"title":"学校简介","time":"2018-06-09"}
        ]
    },
    "one":{
        "first":[
            {"title":"学校简介","time":"2018-06-09"}
        ],
        "second":[
            {"title":"学校简介","time":"2018-06-09"}
        ],
        "third":[
            {"title":"学校简介","time":"2018-06-09"}
        ],
        "fourth":[
            {"title":"学校简介","time":"2018-06-09"}
        ]
    },
    "two":{
        "first":[
            {"title":"学校简介","time":"2018-06-09"}
        ],
        "second":[
            {"title":"学校简介","time":"2018-06-09"}
        ],
        "third":[
            {"title":"学校简介","time":"2018-06-09"}
        ],
        "fourth":[
            {"title":"学校简介","time":"2018-06-09"}
        ],
        "fifth":[
            {"title":"学校简介","time":"2018-06-09"}
        ]
    },
    "three":{
        "first":[
            {"title":"学校简介","time":"2018-06-09"}
        ],
        "second":[
            {"title":"学校简介","time":"2018-06-09"}
        ],
        "third":[
            {"title":"学校简介","time":"2018-06-09"}
        ],
        "fourth":[
            {"title":"学校简介","time":"2018-06-09"}
        ],
        "fifth":[
            {"title":"学校简介","time":"2018-06-09"}
        ]
    },
    "four":{
        "first":[
            {"title":"学校简介","time":"2018-06-09"}
        ],
        "second":[
            {"title":"学校简介","time":"2018-06-09"}
        ],
        "third":[
            {"title":"学校简介","time":"2018-06-09"}
        ],
        "fourth":[
            {"title":"学校简介","time":"2018-06-09"}
        ],
        "fifth":[
            {"title":"学校简介","time":"2018-06-09"}
        ]
    },
    "five":{
        "first":[
            {"title":"学校简介","time":"2018-06-09"}
        ],
        "second":[
            {"title":"学校简介","time":"2018-06-09"}
        ],
        "third":[
            {"title":"学校简介","time":"2018-06-09"}
        ],
        "fourth":[
            {"title":"学校简介","time":"2018-06-09"}
        ],
        "fifth":[
            {"title":"学校简介","time":"2018-06-09"}
        ]
    },
    "six":{
        "first":[
            {"title":"学校简介","time":"2018-06-09"}
        ],
        "second":[
            {"title":"学校简介","time":"2018-06-09"}
        ],
        "third":[
            {"title":"学校简介","time":"2018-06-09"}
        ],
        "fourth":[
            {"title":"学校简介","time":"2018-06-09"}
        ],
        "fifth":[
            {"title":"学校简介","time":"2018-06-09"}
        ]
    },
    "newslist":{
        "news": [
            {
                "title": "456",
                "time": "2018-06-09"
            },
            {
                "title": "123",
                "time": "2018-06-08"
            }
        ], 
        "notice": [
            {
                "title": "34534",
                "time": "2018-06-09"
            },
            {
                "title": "中阳职中2017年3+1招生解读",
                "time": "2018-05-31"
            }
        ]
    },
    "intro":{
        "simple":[
            {
                "title": "456",
                "time": "2018-06-09"
            }
        ]
    }
}