{"zero":{"first":[{"title":"校简介","time":"2018-06-13"}],"second":[{"title":"领导班子","time":"2018-06-13"}],"third":[{"title":"构建设","time":"2018-06-13"}],"fourth":[{"title":"学校荣誉","time":"2018-06-13"}],"fifth":[{"title":"校园风貌","time":"2018-06-13"}],"sixth":[{"title":"专业建设","time":"2018-06-13"}]},"one":{"first":[{"title":"办学方向","time":"2018-06-13"}],"second":[{"title":"学行为","time":"2018-06-13"}],"third":[{"title":"管理队伍","time":"2018-06-13"}],"fourth":[{"title":"管理水平","time":"2018-06-13"}]},"two":{"first":[{"title":"校园校舍","time":"2018-06-13"}],"second":[{"title":"施设备","time":"2018-06-13"}],"third":[{"title":"资队伍","time":"2018-06-13"}],"fourth":[{"title":"信息化建设","time":"2018-06-13"}],"fifth":[{"title":"办学环境","time":"2018-06-13"}]},"three":{"first":[{"title":"办学模式 办学模式","time":"2018-06-13"}],"second":[{"title":"顶岗实习 顶岗实习 顶岗实习","time":"2018-06-13"}],"third":[{"title":"家参与","time":"2018-06-13"}],"fourth":[],"fifth":[]},"four":{"first":[{"title":"育工作","time":"2018-06-13"}],"second":[{"title":"专业建设","time":"2018-06-13"}],"third":[{"title":"模式创新","time":"2018-06-13"}],"fourth":[{"title":"课程体系","time":"2018-06-13"}],"fifth":[{"title":"师资队伍建设","time":"2018-06-13"}]},"five":{"first":[{"title":"招生就业","time":"2018-06-13"}],"second":[{"title":"教育成果","time":"2018-06-13"}],"third":[{"title":"服务社会","time":"2018-06-13"}],"fourth":[{"title":"社会贡献","time":"2018-06-13"}],"fifth":[]},"six":{"first":[{"title":"教学研究","time":"2018-06-13"}],"second":[{"title":"招生就业","time":"2018-06-13"}],"third":[{"title":"校企合作","time":"2018-06-13"}],"fourth":[{"title":"专业设置","time":"2018-06-13"}],"fifth":[{"title":"校园文化","time":"2018-06-13"}],"sixth":[{"title":"德育工作 德育工作","time":"2018-06-13"}]},"newslist":{"news":[{"title":"校园快讯","time":"2018-06-13"}],"notice":[{"title":"知公告","time":"2018-06-13"}]},"intro":{"simple":[]}}